INCOME_TYPE,count,fraud_rate
Commercial associate,7050,0.016879432624113476
Pensioner,13,1.0
State servant,2435,0.01190965092402464
Student,10,0.0
Working,15626,0.016702931012415205
