REALITY,count,fraud_rate
N,8673,0.02063876398016834
Y,16461,0.014762165117550574
