CAR,count,fraud_rate
N,14618,0.016760158708441646
Y,10516,0.01683149486496767
