GENDER,count,fraud_rate
F,15630,0.01471529110684581
M,9504,0.020202020202020204
