TARGET,NO_OF_CHILD,FAMILY SIZE,BEGIN_MONTH,AGE,YEARS_EMPLOYED,INCOME,TOTAL_CONTACTS,INCOME_PER_PERSON,CHILD_RATIO
0,0.49868484946584657,2.281644545160246,25.99016672062156,40.552302525089026,6.934788766591129,187951.6269221431,0.6607923276141145,96855.72978136706,0.15292689240366483
1,0.490521327014218,2.2369668246445498,33.758293838862556,39.959715639810426,5.516587677725118,192408.46208530807,0.6978672985781991,101613.58293838863,0.15426540284360188
