,precision,recall,f1-score,support
0,0.9872983870967742,0.9906939105806191,0.9889932343734222,4943.0
1,0.31343283582089554,0.25,0.2781456953642384,84.0
accuracy,0.9783170877262781,0.9783170877262781,0.9783170877262781,0.9783170877262781
macro avg,0.6503656114588349,0.6203469552903096,0.6335694648688304,5027.0
weighted avg,0.9760382505725701,0.9783170877262781,0.9771151374415004,5027.0
