Model,Threshold,Accuracy,Precision,Recall,F1 Score,ROC-AUC
Improved Logistic Regression,0.730282503909339,0.9624030236721702,0.10526315789473684,0.16666666666666666,0.12903225806451613,0.6953712802134813
Improved ANN,0.8428506617966386,0.9783170877262781,0.31343283582089554,0.25,0.2781456953642384,0.7345825746847394
